{"111-111": {"p2_win_trick_probability": 0.0, "p2_win_card_probability": 0.0, "tie_trick_probability": 1.0, "tie_card_probability": 1.0}, "111-110": {"p2_win_trick_probability": 0.4400759924007599, "p2_win_card_probability": 0.5071692830716928, "tie_trick_probability": 0.15422457754224578, "tie_card_probability": 0.01953804619538046}, "111-101": {"p2_win_trick_probability": 0.665033496650335, "p2_win_card_probability": 0.7064693530646935, "tie_trick_probability": 0.12180781921807819, "tie_card_probability": 0.01692830716928307}, "111-100": {"p2_win_trick_probability": 0.7690930906909309, "p2_win_card_probability": 0.8038896110388961, "tie_trick_probability": 0.11827817218278172, "tie_card_probability": 0.020347965203479652}, "111-011": {"p2_win_trick_probability": 0.9946805319468053, "p2_win_card_probability": 0.9999900009999, "tie_trick_probability": 0.00414958504149585, "tie_card_probability": 0.0}, "111-010": {"p2_win_trick_probability": 0.6917408259174083, "p2_win_card_probability": 0.7241775822417759, "tie_trick_probability": 0.14004599540045995, "tie_card_probability": 0.02170782921707829}, "111-001": {"p2_win_trick_probability": 0.9672632736726328, "p2_win_card_probability": 0.9872212778722128, "tie_trick_probability": 0.02433756624337566, "tie_card_probability": 0.00293970602939706}, "111-000": {"p2_win_trick_probability": 0.32265773422657734, "p2_win_card_probability": 0.4851114888511149, "tie_trick_probability": 0.34755524447555247, "tie_card_probability": 0.028247175282471754}, "110-111": {"p2_win_trick_probability": 0.4056994300569943, "p2_win_card_probability": 0.4732926707329267, "tie_trick_probability": 0.15422457754224578, "tie_card_probability": 0.01953804619538046}, "110-110": {"p2_win_trick_probability": 0.0, "p2_win_card_probability": 0.0, "tie_trick_probability": 1.0, "tie_card_probability": 1.0}, "110-101": {"p2_win_trick_probability": 0.11606839316068393, "p2_win_card_probability": 0.12442755724427557, "tie_trick_probability": 0.08302169783021698, "tie_card_probability": 0.012998700129987}, "110-100": {"p2_win_trick_probability": 0.052714728527147287, "p2_win_card_probability": 0.03595640435956404, "tie_trick_probability": 0.0654034596540346, "tie_card_probability": 0.00870912908709129}, "110-011": {"p2_win_trick_probability": 0.9349365063493651, "p2_win_card_probability": 0.9975202479752024, "tie_trick_probability": 0.038716128387161285, "tie_card_probability": 0.00045995400459954004}, "110-010": {"p2_win_trick_probability": 0.11524847515248475, "p2_win_card_probability": 0.06936306369363064, "tie_trick_probability": 0.09534046595340466, "tie_card_probability": 0.01352864713528647}, "110-001": {"p2_win_trick_probability": 0.4080991900809919, "p2_win_card_probability": 0.4769023097690231, "tie_trick_probability": 0.1814918508149185, "tie_card_probability": 0.04432556744325567}, "110-000": {"p2_win_trick_probability": 0.00836916308369163, "p2_win_card_probability": 0.009709029097090292, "tie_trick_probability": 0.023827617238276172, "tie_card_probability": 0.0026997300269973002}, "101-111": {"p2_win_trick_probability": 0.21315868413158684, "p2_win_card_probability": 0.2766023397660234, "tie_trick_probability": 0.12180781921807819, "tie_card_probability": 0.01692830716928307}, "101-110": {"p2_win_trick_probability": 0.8009099090090991, "p2_win_card_probability": 0.8625737426257374, "tie_trick_probability": 0.08302169783021698, "tie_card_probability": 0.012998700129987}, "101-101": {"p2_win_trick_probability": 0.0, "p2_win_card_probability": 0.0, "tie_trick_probability": 1.0, "tie_card_probability": 1.0}, "101-100": {"p2_win_trick_probability": 0.4318768123187681, "p2_win_card_probability": 0.48446155384461553, "tie_trick_probability": 0.13683631636836316, "tie_card_probability": 0.029117088291170882}, "101-011": {"p2_win_trick_probability": 0.4403859614038596, "p2_win_card_probability": 0.5579342065793421, "tie_trick_probability": 0.134986501349865, "tie_card_probability": 0.021667833216678332}, "101-010": {"p2_win_trick_probability": 0.40578942105789423, "p2_win_card_probability": 0.4901009899010099, "tie_trick_probability": 0.18784121587841215, "tie_card_probability": 0.02375762423757624}, "101-001": {"p2_win_trick_probability": 0.7905209479052094, "p2_win_card_probability": 0.9164583541645835, "tie_trick_probability": 0.0945005499450055, "tie_card_probability": 0.014218578142185781}, "101-000": {"p2_win_trick_probability": 0.16774322567743224, "p2_win_card_probability": 0.2512048795120488, "tie_trick_probability": 0.1355064493550645, "tie_card_probability": 0.021087891210878913}, "100-111": {"p2_win_trick_probability": 0.11262873712628738, "p2_win_card_probability": 0.17576242375762424, "tie_trick_probability": 0.11827817218278172, "tie_card_probability": 0.020347965203479652}, "100-110": {"p2_win_trick_probability": 0.8818818118188181, "p2_win_card_probability": 0.9553344665533446, "tie_trick_probability": 0.0654034596540346, "tie_card_probability": 0.00870912908709129}, "100-101": {"p2_win_trick_probability": 0.4312868713128687, "p2_win_card_probability": 0.4864213578642136, "tie_trick_probability": 0.13683631636836316, "tie_card_probability": 0.029117088291170882}, "100-100": {"p2_win_trick_probability": 0.0, "p2_win_card_probability": 0.0, "tie_trick_probability": 1.0, "tie_card_probability": 1.0}, "100-011": {"p2_win_trick_probability": 0.43203679632036796, "p2_win_card_probability": 0.48426157384261576, "tie_trick_probability": 0.13522647735226478, "tie_card_probability": 0.028987101289871014}, "100-010": {"p2_win_trick_probability": 0.4233876612338766, "p2_win_card_probability": 0.41843815618438157, "tie_trick_probability": 0.13479652034796522, "tie_card_probability": 0.021667833216678332}, "100-001": {"p2_win_trick_probability": 0.026527347265273473, "p2_win_card_probability": 0.00202979702029797, "tie_trick_probability": 0.03866613338666133, "tie_card_probability": 0.00046995300469953005}, "100-000": {"p2_win_trick_probability": 0.00112988701129887, "p2_win_card_probability": 0.0, "tie_trick_probability": 0.00407959204079592, "tie_card_probability": 0.0}, "011-111": {"p2_win_trick_probability": 0.00116988301169883, "p2_win_card_probability": 9.99900009999e-06, "tie_trick_probability": 0.00414958504149585, "tie_card_probability": 0.0}, "011-110": {"p2_win_trick_probability": 0.026347365263473654, "p2_win_card_probability": 0.00201979802019798, "tie_trick_probability": 0.038716128387161285, "tie_card_probability": 0.00045995400459954004}, "011-101": {"p2_win_trick_probability": 0.4246275372462754, "p2_win_card_probability": 0.4203979602039796, "tie_trick_probability": 0.134986501349865, "tie_card_probability": 0.021667833216678332}, "011-100": {"p2_win_trick_probability": 0.43273672632736726, "p2_win_card_probability": 0.48675132486751327, "tie_trick_probability": 0.13522647735226478, "tie_card_probability": 0.028987101289871014}, "011-011": {"p2_win_trick_probability": 0.0, "p2_win_card_probability": 0.0, "tie_trick_probability": 1.0, "tie_card_probability": 1.0}, "011-010": {"p2_win_trick_probability": 0.43184681531846814, "p2_win_card_probability": 0.4867613238676132, "tie_trick_probability": 0.1351964803519648, "tie_card_probability": 0.027567243275672434}, "011-001": {"p2_win_trick_probability": 0.8813818618138186, "p2_win_card_probability": 0.9546045395460454, "tie_trick_probability": 0.06618338166183382, "tie_card_probability": 0.008939106089391061}, "011-000": {"p2_win_trick_probability": 0.10954904509549045, "p2_win_card_probability": 0.1734926507349265, "tie_trick_probability": 0.11750824917508249, "tie_card_probability": 0.01970802919708029}, "010-111": {"p2_win_trick_probability": 0.1682131786821318, "p2_win_card_probability": 0.2541145885411459, "tie_trick_probability": 0.14004599540045995, "tie_card_probability": 0.02170782921707829}, "010-110": {"p2_win_trick_probability": 0.7894110588941106, "p2_win_card_probability": 0.9171082891710829, "tie_trick_probability": 0.09534046595340466,