{
    "cards": [
        [
            0.0,
            0.5068938580216775,
            0.7067571526218143,
            0.8038765745532663,
            0.9999902353285812,
            0.724401913875598,
            0.9873547505126452,
            0.485548286300166
        ],
        [
            0.47353774045503366,
            0.0,
            0.12459720730397422,
            0.03609022556390978,
            0.9975197734596231,
            0.06955375451616053,
            0.47707255150864175,
            0.009657260033199883
        ],
        [
            0.27623278976662435,
            0.8623376623376623,
            0.0,
            0.4845425251440289,
            0.5574846206425154,
            0.4906063860951079,
            0.9162972365979885,
            0.2515086417342056
        ],
        [
            0.1757250268528464,
            0.955180158187677,
            0.4863685186993458,
            0.0,
            0.48402499755883216,
            0.41849428766722,
            0.002011522312274192,
            0.0
        ],
        [
            9.764671418806758e-06,
            0.002001757640855385,
            0.4208085147934772,
            0.4871594570842691,
            0.0,
            0.4868469875988673,
            0.9545552192168734,
            0.17372326921199102
        ],
        [
            0.2538912215603945,
            0.9168635875402793,
            0.4857338150571233,
            0.5598379064544478,
            0.48559710965726005,
            0.0,
            0.8621814275949614,
            0.27721902157992384
        ],
        [
            0.009725612733131531,
            0.4786348989356508,
            0.0695146958304853,
            0.9975295381310418,
            0.03651010643491846,
            0.12387462161898252,
            0.0,
            0.47079386778634896
        ],
        [
            0.4862708719851577,
            0.9876476906552094,
            0.7274289620154282,
            1.0,
            0.8064446831364125,
            0.7067962113074895,
            0.5088370276340202,
            0.0
        ]
    ],
    "tricks": [
        [
            0.0,
            0.44008397617420175,
            0.6651596523776975,
            0.7695049311590665,
            0.994639195391075,
            0.6921492041792794,
            0.9673274094326726,
            0.323093447905478
        ],
        [
            0.40580021482277123,
            0.0,
            0.11611170784103116,
            0.052797578361488136,
            0.9348891709793965,
            0.11529147544185138,
            0.40812420662044724,
            0.008387852748755004
        ],
        [
            0.21276242554438043,
            0.8009178791133679,
            0.0,
            0.4319890635680109,
            0.44042573967385995,
            0.4061224489795918,
            0.7906454447807831,
            0.16781564300361293
        ],
        [
            0.11249877941607266,
            0.8817693584610878,
            0.43128600722585686,
            0.0,
            0.4317644761253784,
            0.4233863880480422,
            0.026393906845034665,
            0.001122937213162777
        ],
        [
            0.001171760570256811,
            0.02631578947368421,
            0.42467532467532465,
            0.4327702372815155,
            0.0,
            0.4319402402109169,
            0.8813690069329168,
            0.10997949419002051
        ],
        [
            0.16813787716043355,
            0.7892979201249878,
            0.40623962503661754,
            0.44199785177228784,
            0.43271164925300265,
            0.0,
            0.8003319988282395,
            0.21061419783224294
        ],
        [
            0.008407382091592619,
            0.4104384337467044,
            0.11510594668489406,
            0.9350551703935163,
            0.052504638218923934,
            0.11710770432574943,
            0.0,
            0.4024411678547017
        ],
        [
            0.3293330729420955,
            0.9677961136607753,
            0.6965921296748364,
            0.9948247241480325,
            0.7729518601699052,
            0.6640269504931159,
            0.4432379650424763,
            0.0
        ]
    ],
    "cards_ties": [
        [
            1.0,
            0.01956840152328874,
            0.01701005761156137,
            0.020398398593887316,
            0.0,
            0.02170686456400742,
            0.0029196367542232205,
            0.028180841714676302
        ],
        [
            0.01956840152328874,
            1.0,
            0.01306513035836344,
            0.00872961624841324,
            0.0004784688995215311,
            0.013582657943560198,
            0.04429254955570745,
            0.002695049311590665
        ],
        [
            0.01701005761156137,
            0.01306513035836344,
            1.0,
            0.02908895615662533,
            0.02170686456400742,
            0.02365979884776877,
            0.014188067571526217,
            0.021062396250366176
        ],
        [
            0.020398398593887316,
            0.00872961624841324,
            0.02908895615662533,
            1.0,
            0.02881554535689874,
            0.021667805878332193,
            0.0004589395566839176,
            0.0
        ],
        [
            0.0,
            0.0004784688995215311,
            0.02170686456400742,
            0.02881554535689874,
            1.0,
            0.02755590274387267,
            0.008934674348208183,
            0.019832047651596525
        ],
        [
            0.02170686456400742,
            0.013582657943560198,
            0.02365979884776877,
            0.021667805878332193,
            0.02755590274387267,
            1.0,
            0.013943950786056048,
            0.015984767112586663
        ],
        [
            0.0029196367542232205,
            0.04429254955570745,
            0.014188067571526217,
            0.0004589395566839176,
            0.008934674348208183,
            0.013943950786056048,
            1.0,
            0.020369104579630894
        ],
        [
            0.028180841714676302,
            0.002695049311590665,
            0.021062396250366176,
            0.0,
            0.019832047651596525,
            0.015984767112586663,
            0.020369104579630894,
            1.0
        ]
    ],