{
    "cards": [
        [
            0.485146,
            0.987745,
            0.72634,
            0.999983,
            0.803865,
            0.706454,
            0.508744,
            0.0
        ],
        [
            0.009331,
            0.476946,
            0.067817,
            0.997593,
            0.036044,
            0.123296,
            0.0,
            0.471181
        ],
        [
            0.253137,
            0.91769,
            0.487961,
            0.559711,
            0.486251,
            0.0,
            0.863651,
            0.277245
        ],
        [
            1.4e-05,
            0.001919,
            0.420119,
            0.486521,
            0.0,
            0.485003,
            0.955683,
            0.176197
        ],
        [
            0.176676,
            0.955389,
            0.485389,
            0.0,
            0.484757,
            0.418689,
            0.001951,
            9e-06
        ],
        [
            0.278278,
            0.863371,
            0.0,
            0.485953,
            0.558079,
            0.488421,
            0.918409,
            0.252084
        ],
        [
            0.472292,
            0.0,
            0.123647,
            0.036419,
            0.997592,
            0.068325,
            0.478439,
            0.009624
        ],
        [
            0.0,
            0.507734,
            0.705578,
            0.8033,
            0.999979,
            0.725582,
            0.988121,
            0.485966
        ]
    ],
    "tricks": [
        [
            0.325561,
            0.967347,
            0.693794,
            0.994792,
            0.76947,
            0.663588,
            0.441419,
            0.0
        ],
        [
            0.008319,
            0.409154,
            0.112719,
            0.935212,
            0.05138,
            0.115577,
            0.0,
            0.403947
        ],
        [
            0.168365,
            0.792064,
            0.405714,
            0.44374,
            0.432875,
            0.0,
            0.802194,
            0.211763
        ],
        [
            0.001103,
            0.026111,
            0.423332,
            0.432461,
            0.0,
            0.43066,
            0.88356,
            0.112831
        ],
        [
            0.113042,
            0.882365,
            0.430716,
            0.0,
            0.431389,
            0.421744,
            0.026337,
            0.001116
        ],
        [
            0.21244,
            0.801297,
            0.0,
            0.431976,
            0.442881,
            0.406848,
            0.793117,
            0.168263
        ],
        [
            0.405223,
            0.0,
            0.116121,
            0.052085,
            0.935577,
            0.113285,
            0.410226,
            0.008337
        ],
        [
            0.0,
            0.440578,
            0.663138,
            0.769162,
            0.994948,
            0.693034,
            0.967088,
            0.324818
        ]
    ],
    "cards_ties": [
        [
            0.028888,
            0.002631,
            0.021576,
            8e-06,
            0.019938,
            0.016301,
            0.020075,
            1.0
        ],
        [
            0.002548,
            0.044615,
            0.013774,
            0.000456,
            0.008273,
            0.013053,
            1.0,
            0.020075
        ],
        [
            0.021281,
            0.013985,
            0.023618,
            0.0216,
            0.028746,
            1.0,
            0.013053,
            0.016301
        ],
        [
            7e-06,
            0.000489,
            0.021802,
            0.028722,
            1.0,
            0.028746,
            0.008273,
            0.019938
        ],
        [
            0.020024,
            0.008192,
            0.028658,
            1.0,
            0.028722,
            0.0216,
            0.000456,
            8e-06
        ],
        [
            0.016144,
            0.012982,
            1.0,
            0.028658,
            0.021802,
            0.023618,
            0.013774,
            0.021576
        ],
        [
            0.019974,
            1.0,
            0.012982,
            0.008192,
            0.000489,
            0.013985,
            0.044615,
            0.002631
        ],
        [
            1.0,
            0.019974,
            0.016144,
            0.020024,
            7e-06,
            0.021281,
            0.002548,
            0.028888
        ]
    ],
    "tricks_ties": [
        [
            0.349621,
            0.024316,
            0.137943,
            0.004092,
            0.117699,
            0.124649,
            0.154634,
            1.0
        ],
        [
            0.024593,
            0.18062,
            0.094164,
            0.038451,
            0.06506,
            0.082229,
            1.0,
            0.154634
        ],
        [
            0.138601,
            0.094651,
            0.187438,
            0.134516,
            0.136465,
            1.0,
            0.082229,
            0.124649
        ],
        [
            0.003949,
            0.038312,
            0.133787,
            0.13615,
            1.0,
            0.136465,
            0.06506,
            0.117699
        ],
        [
            0.117796,
            0.06555,
            0.137308,
            1.0,
            0.13615,
            0.134516,
            0.038451,
            0.004092
        ],
        [
            0.124422,
            0.082582,
            1.0,
            0.137308,
            0.133787,
            0.187438,
            0.094164,
            0.137943
        ],
        [
            0.154199,
            1.0,
            0.082582,
            0.06555,
            0.038312,
            0.094651,
            0.18062,
            0.024316
        ],
        [
            1.0,
            0.154199,
            0.124422,
            0.117796,
            0.003949,
            0.138601,
            0.024593,
            0.349621
        ]
    ],
    "n": 1000000
}