{
    "cards": [
        [
            0.0,
            0.50853696868461,
            0.7064417921707035,
            0.8046573447925928,
            0.9999802426561055,
            0.7260069509928065,
            0.9881635548850033,
            0.4861438155023305
        ],
        [
            0.47150452173756857,
            0.0,
            0.12352920045621503,
            0.03593681242198094,
            0.9975429048683891,
            0.06825264254474589,
            0.4775574534579842,
            0.00944311232050004
        ],
        [
            0.2772646855439107,
            0.8632675054557211,
            0.0,
            0.4850023798618782,
            0.5583371500929494,
            0.4880037000116748,
            0.9174645939416799,
            0.2521432227820136
        ],
        [
            0.17535450961374394,
            0.9556052482689873,
            0.4862596653824393,
            0.0,
            0.48582500381675964,
            0.4200150874262467,
            0.0018850302197555477,
            9.878671947265852e-06
        ],
        [
            1.4368977377841241e-05,
            0.0019721421451087103,
            0.42010579159594436,
            0.48558701762893913,
            0.0,
            0.48587529523758205,
            0.9554283302350226,
            0.1758592199441406
        ],
        [
            0.2523201408159783,
            0.9180231879372435,
            0.48802255929448324,
            0.5582230963350127,
            0.4855789350791641,
            0.0,
            0.8629738394805615,
            0.27781070668426866
        ],
        [
            0.009336243051252345,
            0.47801187236755843,
            0.06887410081633753,
            0.9976309148548285,
            0.03614785677721798,
            0.12388573070740272,
            0.0,
            0.47202539716751535
        ],
        [
            0.4851586424908622,
            0.9879947194008136,
            0.7265520740720783,
            0.9999892232669666,
            0.8040870760029097,
            0.7060574220258462,
            0.5081058993632747,
            0.0
        ]
    ],
    "tricks": [
        [
            0.0,
            0.44154071359933905,
            0.664374814774901,
            0.7697739580246248,
            0.9947220949969017,
            0.693561800073641,
            0.9673734407414393,
            0.32586056703576977
        ],
        [
            0.4040394787653456,
            0.0,
            0.11611301200707672,
            0.05185314905119846,
            0.9354105486255175,
            0.11326795448626416,
            0.4089842031054952,
            0.008311555351995042
        ],
        [
            0.21175112931181578,
            0.8011180860522132,
            0.0,
            0.43142225934208045,
            0.4417715152984706,
            0.40565688678143885,
            0.7917486147407746,
            0.1678898258659554
        ],
        [
            0.11236181085037404,
            0.8828793634543022,
            0.43164946879686755,
            0.0,
            0.43188296467925746,
            0.4235857783046403,
            0.026262898402349327,
            0.0011549065567439897
        ],
        [
            0.0011791542060690969,
            0.02625122360822983,
            0.4232957045738251,
            0.4309786171655396,
            0.0,
            0.4312049285592406,
            0.8826171296171565,
            0.11234384962865174
        ],
        [
            0.16787545688857755,
            0.792663738987526,
            0.40665463264811275,
            0.4422591624682311,
            0.43188116855708525,
            0.0,
            0.8008432793598621,
            0.2117987265493799
        ],
        [
            0.008298084435703316,
            0.40943143752638056,
            0.11358676617183501,
            0.935180644987472,
            0.05200132913040745,
            0.11657102316099541,
            0.0,
            0.40464836418173167
        ],
        [
            0.32566299359682443,
            0.9672450180061247,
            0.6943224578135805,
            0.9948190855942021,
            0.7699526721807617,
            0.6640425321730384,
            0.4410467800019757,
            0.0
        ]
    ],
    "cards_ties": [
        [
            1.0,
            0.019958509577821484,
            0.01629352228538585,
            0.01998814559366328,
            5.388366516690465e-06,
            0.021672908191215166,
            0.002500202063744376,
            0.028697542006807304
        ],
        [
            0.019958509577821484,
            1.0,
            0.01320329408806387,
            0.0084579393090318,
            0.0004849529865021419,
            0.013724169518010615,
            0.04443067417445735,
            0.0025621682786863163
        ],
        [
            0.01629352228538585,
            0.01320329408806387,
            1.0,
            0.02873795475568248,
            0.02155705831110632,
            0.023973740693841995,
            0.01366130524198256,
            0.021304703145907985
        ],
        [
            0.01998814559366328,
            0.0084579393090318,
            0.02873795475568248,
            1.0,
            0.028587978554301265,
            0.02176181623874056,
            0.0004840549254160268,
            8.980610861150776e-07
        ],
        [
            5.388366516690465e-06,
            0.0004849529865021419,
            0.02155705831110632,
            0.028587978554301265,
            1.0,
            0.028545769683253855,
            0.008423812987759427,
            0.02005370405294968
        ],
        [
            0.021672908191215166,
            0.013724169518010615,
            0.023973740693841995,
            0.02176181623874056,
            0.028545769683253855,
            1.0,
            0.013140429812035814,
            0.01613187128988514
        ],
        [
            0.002500202063744376,
            0.04443067417445735,
            0.01366130524198256,
            0.0004840549254160268,
            0.008423812987759427,
            0.013140429812035814,
            1.0,
            0.019868703469209974
        ],
        [
            0.028697542006807304,
            0.0025621682786863163,
            0.021304703145907985,
            8.980610861150776e-07,
            0.02005370405294968,
            0.01613187128988514,
            0.019868703469209974,
            1.0
        ]
    ],